{
    "accuracy": 0.8852459016393442,
    "roc_auc": 0.927801724137931,
    "confusion_matrix": [[25,4], [3,29]]
}